filename,status_code,missed_deadline
5299436557_258c77d6e3_o.jpg,200,False
5299436557_258c77d6e3_o.jpg,200,False
5299436557_258c77d6e3_o.jpg,200,False
5299436557_258c77d6e3_o.jpg,200,False
5299436557_258c77d6e3_o.jpg,200,False
5299436557_258c77d6e3_o.jpg,200,False
5299436557_258c77d6e3_o.jpg,200,False
5299436557_258c77d6e3_o.jpg,200,False
5299436557_258c77d6e3_o.jpg,200,False
5299436557_258c77d6e3_o.jpg,200,False
5299436557_258c77d6e3_o.jpg,200,False
5299436557_258c77d6e3_o.jpg,200,False
5299436557_258c77d6e3_o.jpg,200,False
5299436557_258c77d6e3_o.jpg,200,False
5299436557_258c77d6e3_o.jpg,200,False
5299436557_258c77d6e3_o.jpg,200,False
5299436557_258c77d6e3_o.jpg,200,False
5299436557_258c77d6e3_o.jpg,200,False
5299436557_258c77d6e3_o.jpg,200,False
5299436557_258c77d6e3_o.jpg,200,False
5299436557_258c77d6e3_o.jpg,200,False
5299436557_258c77d6e3_o.jpg,200,False
5299436557_258c77d6e3_o.jpg,200,False
5299436557_258c77d6e3_o.jpg,200,False
5299436557_258c77d6e3_o.jpg,200,False
5299436557_258c77d6e3_o.jpg,200,False
5299436557_258c77d6e3_o.jpg,200,False
5299436557_258c77d6e3_o.jpg,200,False
5299436557_258c77d6e3_o.jpg,200,False
5299436557_258c77d6e3_o.jpg,200,False
5299436557_258c77d6e3_o.jpg,200,False
5299436557_258c77d6e3_o.jpg,200,False
5299436557_258c77d6e3_o.jpg,200,False
5299436557_258c77d6e3_o.jpg,200,False
5299436557_258c77d6e3_o.jpg,200,False
5299436557_258c77d6e3_o.jpg,200,False
5299436557_258c77d6e3_o.jpg,200,False
5299436557_258c77d6e3_o.jpg,200,False
5299436557_258c77d6e3_o.jpg,200,False
5299436557_258c77d6e3_o.jpg,200,False
5299436557_258c77d6e3_o.jpg,200,False
5299436557_258c77d6e3_o.jpg,200,False
5299436557_258c77d6e3_o.jpg,200,False
5299436557_258c77d6e3_o.jpg,200,False
5299436557_258c77d6e3_o.jpg,200,False
5299436557_258c77d6e3_o.jpg,200,False
5299436557_258c77d6e3_o.jpg,200,False
5299436557_258c77d6e3_o.jpg,200,False
5299436557_258c77d6e3_o.jpg,200,False
5299436557_258c77d6e3_o.jpg,200,False
5746196456_1161fe85c1_o.jpg,200,False
5746196456_1161fe85c1_o.jpg,200,False
5746196456_1161fe85c1_o.jpg,200,False
5746196456_1161fe85c1_o.jpg,200,False
5746196456_1161fe85c1_o.jpg,200,False
5746196456_1161fe85c1_o.jpg,200,False
5746196456_1161fe85c1_o.jpg,200,False
5746196456_1161fe85c1_o.jpg,200,False
5746196456_1161fe85c1_o.jpg,200,False
5746196456_1161fe85c1_o.jpg,200,False
5746196456_1161fe85c1_o.jpg,200,False
5746196456_1161fe85c1_o.jpg,200,False
5746196456_1161fe85c1_o.jpg,200,False
5746196456_1161fe85c1_o.jpg,200,False
5746196456_1161fe85c1_o.jpg,200,False
5746196456_1161fe85c1_o.jpg,200,False
5746196456_1161fe85c1_o.jpg,200,False
5746196456_1161fe85c1_o.jpg,200,False
5746196456_1161fe85c1_o.jpg,200,False
5746196456_1161fe85c1_o.jpg,200,False
5746196456_1161fe85c1_o.jpg,200,False
5746196456_1161fe85c1_o.jpg,200,False
5746196456_1161fe85c1_o.jpg,200,False
5746196456_1161fe85c1_o.jpg,200,False
5746196456_1161fe85c1_o.jpg,200,False
5746196456_1161fe85c1_o.jpg,200,False
5746196456_1161fe85c1_o.jpg,200,False
5746196456_1161fe85c1_o.jpg,200,False
5746196456_1161fe85c1_o.jpg,200,False
5746196456_1161fe85c1_o.jpg,200,False
5746196456_1161fe85c1_o.jpg,200,False
5746196456_1161fe85c1_o.jpg,200,False
5746196456_1161fe85c1_o.jpg,200,False
5746196456_1161fe85c1_o.jpg,200,False
5746196456_1161fe85c1_o.jpg,200,False
5746196456_1161fe85c1_o.jpg,200,False
5746196456_1161fe85c1_o.jpg,200,False
5746196456_1161fe85c1_o.jpg,200,False
5746196456_1161fe85c1_o.jpg,200,False
5746196456_1161fe85c1_o.jpg,200,False
5746196456_1161fe85c1_o.jpg,200,False
5746196456_1161fe85c1_o.jpg,200,False
5746196456_1161fe85c1_o.jpg,200,False
5746196456_1161fe85c1_o.jpg,200,False
5746196456_1161fe85c1_o.jpg,200,False
5746196456_1161fe85c1_o.jpg,200,False
5746196456_1161fe85c1_o.jpg,200,False
5746196456_1161fe85c1_o.jpg,200,False
5746196456_1161fe85c1_o.jpg,200,False
5746196456_1161fe85c1_o.jpg,200,False
5746196456_1161fe85c1_o.jpg,200,False
5746196456_1161fe85c1_o.jpg,200,False
16116061250_856ce85d8e_o.jpg,200,False
16116061250_856ce85d8e_o.jpg,200,False
16116061250_856ce85d8e_o.jpg,200,False
16116061250_856ce85d8e_o.jpg,200,False
16116061250_856ce85d8e_o.jpg,200,False
16116061250_856ce85d8e_o.jpg,200,False
16116061250_856ce85d8e_o.jpg,200,False
16116061250_856ce85d8e_o.jpg,200,False
16116061250_856ce85d8e_o.jpg,200,False
16116061250_856ce85d8e_o.jpg,200,False
16116061250_856ce85d8e_o.jpg,200,False
16116061250_856ce85d8e_o.jpg,200,False
16116061250_856ce85d8e_o.jpg,200,False
16116061250_856ce85d8e_o.jpg,200,False
16116061250_856ce85d8e_o.jpg,200,False
16116061250_856ce85d8e_o.jpg,200,False
16116061250_856ce85d8e_o.jpg,200,False
16116061250_856ce85d8e_o.jpg,200,False
16116061250_856ce85d8e_o.jpg,200,False
16116061250_856ce85d8e_o.jpg,200,False
16116061250_856ce85d8e_o.jpg,200,False
16116061250_856ce85d8e_o.jpg,200,False
16116061250_856ce85d8e_o.jpg,200,False
16116061250_856ce85d8e_o.jpg,200,False
16116061250_856ce85d8e_o.jpg,200,False
16116061250_856ce85d8e_o.jpg,200,False
16116061250_856ce85d8e_o.jpg,200,False
16116061250_856ce85d8e_o.jpg,200,False
16116061250_856ce85d8e_o.jpg,200,False
16116061250_856ce85d8e_o.jpg,200,False
16116061250_856ce85d8e_o.jpg,200,False
16116061250_856ce85d8e_o.jpg,200,False
16116061250_856ce85d8e_o.jpg,200,False
16116061250_856ce85d8e_o.jpg,200,False
16116061250_856ce85d8e_o.jpg,200,False
16116061250_856ce85d8e_o.jpg,200,False
16116061250_856ce85d8e_o.jpg,200,False
16116061250_856ce85d8e_o.jpg,200,False
16116061250_856ce85d8e_o.jpg,200,False
16116061250_856ce85d8e_o.jpg,200,False
16116061250_856ce85d8e_o.jpg,200,False
16116061250_856ce85d8e_o.jpg,200,False
16116061250_856ce85d8e_o.jpg,200,False
16116061250_856ce85d8e_o.jpg,200,False
16116061250_856ce85d8e_o.jpg,200,False
16116061250_856ce85d8e_o.jpg,200,False
16116061250_856ce85d8e_o.jpg,200,False
16116061250_856ce85d8e_o.jpg,200,False
16116061250_856ce85d8e_o.jpg,200,False
16116061250_856ce85d8e_o.jpg,200,False
16116061250_856ce85d8e_o.jpg,200,False
16116061250_856ce85d8e_o.jpg,200,False
15170776232_5a3ffa9992_o.jpg,200,False
15170776232_5a3ffa9992_o.jpg,200,False
15170776232_5a3ffa9992_o.jpg,200,False
15170776232_5a3ffa9992_o.jpg,200,False
15170776232_5a3ffa9992_o.jpg,200,False
15170776232_5a3ffa9992_o.jpg,200,False
15170776232_5a3ffa9992_o.jpg,200,False
15170776232_5a3ffa9992_o.jpg,200,False
15170776232_5a3ffa9992_o.jpg,200,False
15170776232_5a3ffa9992_o.jpg,200,False
15170776232_5a3ffa9992_o.jpg,200,False
15170776232_5a3ffa9992_o.jpg,200,False
15170776232_5a3ffa9992_o.jpg,200,False
15170776232_5a3ffa9992_o.jpg,200,False
15170776232_5a3ffa9992_o.jpg,200,False
15170776232_5a3ffa9992_o.jpg,200,False
15170776232_5a3ffa9992_o.jpg,200,False
15170776232_5a3ffa9992_o.jpg,200,False
15170776232_5a3ffa9992_o.jpg,200,False
15170776232_5a3ffa9992_o.jpg,200,False
15170776232_5a3ffa9992_o.jpg,200,False
15170776232_5a3ffa9992_o.jpg,200,False
15170776232_5a3ffa9992_o.jpg,200,False
15170776232_5a3ffa9992_o.jpg,200,False
15170776232_5a3ffa9992_o.jpg,200,False
15170776232_5a3ffa9992_o.jpg,200,False
15170776232_5a3ffa9992_o.jpg,200,False
15170776232_5a3ffa9992_o.jpg,200,False
15170776232_5a3ffa9992_o.jpg,200,False
15170776232_5a3ffa9992_o.jpg,200,False
15170776232_5a3ffa9992_o.jpg,200,False
15170776232_5a3ffa9992_o.jpg,200,False
15170776232_5a3ffa9992_o.jpg,200,False
15170776232_5a3ffa9992_o.jpg,200,False
15170776232_5a3ffa9992_o.jpg,200,False
15170776232_5a3ffa9992_o.jpg,200,False
15170776232_5a3ffa9992_o.jpg,200,False
15170776232_5a3ffa9992_o.jpg,200,False
15170776232_5a3ffa9992_o.jpg,200,False
15170776232_5a3ffa9992_o.jpg,200,False
15170776232_5a3ffa9992_o.jpg,200,False
15170776232_5a3ffa9992_o.jpg,200,False
15170776232_5a3ffa9992_o.jpg,200,False
15170776232_5a3ffa9992_o.jpg,200,False
15170776232_5a3ffa9992_o.jpg,200,False
15170776232_5a3ffa9992_o.jpg,200,False
15170776232_5a3ffa9992_o.jpg,200,False
15170776232_5a3ffa9992_o.jpg,200,False
15170776232_5a3ffa9992_o.jpg,200,False
15170776232_5a3ffa9992_o.jpg,200,False
15170776232_5a3ffa9992_o.jpg,200,False
8091548101_300ce3cfd1_o.jpg,200,True
8091548101_300ce3cfd1_o.jpg,200,True
8091548101_300ce3cfd1_o.jpg,200,True
8091548101_300ce3cfd1_o.jpg,200,True
8091548101_300ce3cfd1_o.jpg,200,True
8091548101_300ce3cfd1_o.jpg,200,True
8091548101_300ce3cfd1_o.jpg,200,True
8091548101_300ce3cfd1_o.jpg,200,True
8091548101_300ce3cfd1_o.jpg,200,True
8091548101_300ce3cfd1_o.jpg,200,True
8091548101_300ce3cfd1_o.jpg,200,True
8091548101_300ce3cfd1_o.jpg,200,True
8091548101_300ce3cfd1_o.jpg,200,True
8091548101_300ce3cfd1_o.jpg,200,True
8091548101_300ce3cfd1_o.jpg,200,True
8091548101_300ce3cfd1_o.jpg,200,True
8091548101_300ce3cfd1_o.jpg,200,True
8091548101_300ce3cfd1_o.jpg,200,True
8091548101_300ce3cfd1_o.jpg,200,True
8091548101_300ce3cfd1_o.jpg,200,True
8091548101_300ce3cfd1_o.jpg,200,True
8091548101_300ce3cfd1_o.jpg,200,True
8091548101_300ce3cfd1_o.jpg,200,True
8091548101_300ce3cfd1_o.jpg,200,True
8091548101_300ce3cfd1_o.jpg,200,True
8091548101_300ce3cfd1_o.jpg,200,True
8091548101_300ce3cfd1_o.jpg,200,True
8091548101_300ce3cfd1_o.jpg,200,True
8091548101_300ce3cfd1_o.jpg,200,True
8091548101_300ce3cfd1_o.jpg,200,True
8091548101_300ce3cfd1_o.jpg,200,True
8091548101_300ce3cfd1_o.jpg,200,True
8091548101_300ce3cfd1_o.jpg,200,True
8091548101_300ce3cfd1_o.jpg,200,True
8091548101_300ce3cfd1_o.jpg,200,True
8091548101_300ce3cfd1_o.jpg,200,True
8091548101_300ce3cfd1_o.jpg,200,True
8091548101_300ce3cfd1_o.jpg,200,True
8091548101_300ce3cfd1_o.jpg,200,True
8091548101_300ce3cfd1_o.jpg,200,True
8091548101_300ce3cfd1_o.jpg,200,True
8091548101_300ce3cfd1_o.jpg,200,True
8091548101_300ce3cfd1_o.jpg,200,True
8091548101_300ce3cfd1_o.jpg,200,True
8091548101_300ce3cfd1_o.jpg,200,True
8091548101_300ce3cfd1_o.jpg,200,True
8091548101_300ce3cfd1_o.jpg,200,True
8091548101_300ce3cfd1_o.jpg,200,True
8091548101_300ce3cfd1_o.jpg,200,True
8091548101_300ce3cfd1_o.jpg,200,True
8091548101_300ce3cfd1_o.jpg,200,True
8091548101_300ce3cfd1_o.jpg,200,True
8091548101_300ce3cfd1_o.jpg,200,True
8091548101_300ce3cfd1_o.jpg,200,True
8091548101_300ce3cfd1_o.jpg,200,True
8091548101_300ce3cfd1_o.jpg,200,True
135056882_ac898b9698_o.jpg,200,True
135056882_ac898b9698_o.jpg,200,True
135056882_ac898b9698_o.jpg,200,True
135056882_ac898b9698_o.jpg,200,True
135056882_ac898b9698_o.jpg,200,True
135056882_ac898b9698_o.jpg,200,True
135056882_ac898b9698_o.jpg,200,True
135056882_ac898b9698_o.jpg,200,True
135056882_ac898b9698_o.jpg,200,True
135056882_ac898b9698_o.jpg,200,True
135056882_ac898b9698_o.jpg,200,True
135056882_ac898b9698_o.jpg,200,True
135056882_ac898b9698_o.jpg,200,True
135056882_ac898b9698_o.jpg,200,True
135056882_ac898b9698_o.jpg,200,True
135056882_ac898b9698_o.jpg,200,True
135056882_ac898b9698_o.jpg,200,True
135056882_ac898b9698_o.jpg,200,True
135056882_ac898b9698_o.jpg,200,True
135056882_ac898b9698_o.jpg,200,True
135056882_ac898b9698_o.jpg,200,True
135056882_ac898b9698_o.jpg,200,True
135056882_ac898b9698_o.jpg,200,True
135056882_ac898b9698_o.jpg,200,True
135056882_ac898b9698_o.jpg,200,True
135056882_ac898b9698_o.jpg,200,True
135056882_ac898b9698_o.jpg,200,True
135056882_ac898b9698_o.jpg,200,True
135056882_ac898b9698_o.jpg,200,True
135056882_ac898b9698_o.jpg,200,True
135056882_ac898b9698_o.jpg,200,True
135056882_ac898b9698_o.jpg,200,True
135056882_ac898b9698_o.jpg,200,True
135056882_ac898b9698_o.jpg,200,True
135056882_ac898b9698_o.jpg,200,True
135056882_ac898b9698_o.jpg,200,True
135056882_ac898b9698_o.jpg,200,True
135056882_ac898b9698_o.jpg,200,True
135056882_ac898b9698_o.jpg,200,True
135056882_ac898b9698_o.jpg,200,True
135056882_ac898b9698_o.jpg,200,True
135056882_ac898b9698_o.jpg,200,True
135056882_ac898b9698_o.jpg,200,True
135056882_ac898b9698_o.jpg,200,True
135056882_ac898b9698_o.jpg,200,True
135056882_ac898b9698_o.jpg,200,True
135056882_ac898b9698_o.jpg,200,True
135056882_ac898b9698_o.jpg,200,True
9918559286_ac7502931c_o.jpg,200,True
9918559286_ac7502931c_o.jpg,200,True
9918559286_ac7502931c_o.jpg,200,True
9918559286_ac7502931c_o.jpg,200,True
9918559286_ac7502931c_o.jpg,200,True
9918559286_ac7502931c_o.jpg,200,True
9918559286_ac7502931c_o.jpg,200,True
9918559286_ac7502931c_o.jpg,200,True
9918559286_ac7502931c_o.jpg,200,True
9918559286_ac7502931c_o.jpg,200,True
9918559286_ac7502931c_o.jpg,200,True
9918559286_ac7502931c_o.jpg,200,True
9918559286_ac7502931c_o.jpg,200,True
9918559286_ac7502931c_o.jpg,200,True
9918559286_ac7502931c_o.jpg,200,True
9918559286_ac7502931c_o.jpg,200,True
9918559286_ac7502931c_o.jpg,200,True
9918559286_ac7502931c_o.jpg,200,True
9918559286_ac7502931c_o.jpg,200,True
9918559286_ac7502931c_o.jpg,200,True
9918559286_ac7502931c_o.jpg,200,True
9918559286_ac7502931c_o.jpg,200,True
9918559286_ac7502931c_o.jpg,200,True
9918559286_ac7502931c_o.jpg,200,True
9918559286_ac7502931c_o.jpg,200,True
9918559286_ac7502931c_o.jpg,200,True
9918559286_ac7502931c_o.jpg,200,True
9918559286_ac7502931c_o.jpg,200,True
9918559286_ac7502931c_o.jpg,200,True
9918559286_ac7502931c_o.jpg,200,True
9918559286_ac7502931c_o.jpg,200,True
9918559286_ac7502931c_o.jpg,200,True
9918559286_ac7502931c_o.jpg,200,True
9918559286_ac7502931c_o.jpg,200,True
9918559286_ac7502931c_o.jpg,200,True
9918559286_ac7502931c_o.jpg,200,True
9918559286_ac7502931c_o.jpg,200,True
9918559286_ac7502931c_o.jpg,200,True
9918559286_ac7502931c_o.jpg,200,True
9918559286_ac7502931c_o.jpg,200,True
9918559286_ac7502931c_o.jpg,200,True
9918559286_ac7502931c_o.jpg,200,True
9918559286_ac7502931c_o.jpg,200,True
9918559286_ac7502931c_o.jpg,200,True
9918559286_ac7502931c_o.jpg,200,True
9918559286_ac7502931c_o.jpg,200,True
9918559286_ac7502931c_o.jpg,200,True
9918559286_ac7502931c_o.jpg,200,True
9918559286_ac7502931c_o.jpg,200,True
9918559286_ac7502931c_o.jpg,200,True
9918559286_ac7502931c_o.jpg,200,True
9918559286_ac7502931c_o.jpg,200,True
11098483726_631b727e4f_o.jpg,200,True
11098483726_631b727e4f_o.jpg,200,True
11098483726_631b727e4f_o.jpg,200,True
11098483726_631b727e4f_o.jpg,200,True
11098483726_631b727e4f_o.jpg,200,True
11098483726_631b727e4f_o.jpg,200,True
11098483726_631b727e4f_o.jpg,200,True
11098483726_631b727e4f_o.jpg,200,True
11098483726_631b727e4f_o.jpg,200,True
11098483726_631b727e4f_o.jpg,200,True
11098483726_631b727e4f_o.jpg,200,True
11098483726_631b727e4f_o.jpg,200,True
11098483726_631b727e4f_o.jpg,200,True
11098483726_631b727e4f_o.jpg,200,True
11098483726_631b727e4f_o.jpg,200,True
11098483726_631b727e4f_o.jpg,200,True
11098483726_631b727e4f_o.jpg,200,True
11098483726_631b727e4f_o.jpg,200,True
11098483726_631b727e4f_o.jpg,200,True
11098483726_631b727e4f_o.jpg,200,True
11098483726_631b727e4f_o.jpg,200,True
11098483726_631b727e4f_o.jpg,200,True
11098483726_631b727e4f_o.jpg,200,True
11098483726_631b727e4f_o.jpg,200,True
11098483726_631b727e4f_o.jpg,200,True
11098483726_631b727e4f_o.jpg,200,True
11098483726_631b727e4f_o.jpg,200,True
11098483726_631b727e4f_o.jpg,200,True
11098483726_631b727e4f_o.jpg,200,True
11098483726_631b727e4f_o.jpg,200,True
11098483726_631b727e4f_o.jpg,200,True
11098483726_631b727e4f_o.jpg,200,True
11098483726_631b727e4f_o.jpg,200,True
11098483726_631b727e4f_o.jpg,200,True
11098483726_631b727e4f_o.jpg,200,True
11098483726_631b727e4f_o.jpg,200,True
11098483726_631b727e4f_o.jpg,200,True
11098483726_631b727e4f_o.jpg,200,True
11098483726_631b727e4f_o.jpg,200,True
11098483726_631b727e4f_o.jpg,200,True
11098483726_631b727e4f_o.jpg,200,True
11098483726_631b727e4f_o.jpg,200,True
11098483726_631b727e4f_o.jpg,200,True
11098483726_631b727e4f_o.jpg,200,True
11098483726_631b727e4f_o.jpg,200,True
11098483726_631b727e4f_o.jpg,200,True
11098483726_631b727e4f_o.jpg,200,True
11098483726_631b727e4f_o.jpg,200,True
11098483726_631b727e4f_o.jpg,200,True
11098483726_631b727e4f_o.jpg,200,True
11098483726_631b727e4f_o.jpg,200,True
11098483726_631b727e4f_o.jpg,200,True
11648117914_655e066fc1_o.jpg,200,True
11648117914_655e066fc1_o.jpg,200,True
11648117914_655e066fc1_o.jpg,200,True
11648117914_655e066fc1_o.jpg,200,True
11648117914_655e066fc1_o.jpg,200,True
11648117914_655e066fc1_o.jpg,200,True
11648117914_655e066fc1_o.jpg,200,True
11648117914_655e066fc1_o.jpg,200,True
11648117914_655e066fc1_o.jpg,200,True
11648117914_655e066fc1_o.jpg,200,True
11648117914_655e066fc1_o.jpg,200,True
11648117914_655e066fc1_o.jpg,200,True
11648117914_655e066fc1_o.jpg,200,True
11648117914_655e066fc1_o.jpg,200,True
11648117914_655e066fc1_o.jpg,200,True
11648117914_655e066fc1_o.jpg,200,True
11648117914_655e066fc1_o.jpg,200,True
11648117914_655e066fc1_o.jpg,200,True
11648117914_655e066fc1_o.jpg,200,True
11648117914_655e066fc1_o.jpg,200,True
11648117914_655e066fc1_o.jpg,200,True
11648117914_655e066fc1_o.jpg,200,True
11648117914_655e066fc1_o.jpg,200,True
11648117914_655e066fc1_o.jpg,200,True
11648117914_655e066fc1_o.jpg,200,True
11648117914_655e066fc1_o.jpg,200,True
11648117914_655e066fc1_o.jpg,200,True
11648117914_655e066fc1_o.jpg,200,True
11648117914_655e066fc1_o.jpg,200,True
11648117914_655e066fc1_o.jpg,200,True
11648117914_655e066fc1_o.jpg,200,True
11648117914_655e066fc1_o.jpg,200,True
11648117914_655e066fc1_o.jpg,200,True
11648117914_655e066fc1_o.jpg,200,True
11648117914_655e066fc1_o.jpg,200,True
11648117914_655e066fc1_o.jpg,200,True
11648117914_655e066fc1_o.jpg,200,True
11648117914_655e066fc1_o.jpg,200,True
11648117914_655e066fc1_o.jpg,200,True
11648117914_655e066fc1_o.jpg,200,True
11648117914_655e066fc1_o.jpg,200,True
11648117914_655e066fc1_o.jpg,200,True
11648117914_655e066fc1_o.jpg,200,True
11648117914_655e066fc1_o.jpg,200,True
11648117914_655e066fc1_o.jpg,200,True
11648117914_655e066fc1_o.jpg,200,True
11648117914_655e066fc1_o.jpg,200,True
11648117914_655e066fc1_o.jpg,200,True
14365748123_6492ff09e1_o.jpg,200,True
14365748123_6492ff09e1_o.jpg,200,True
14365748123_6492ff09e1_o.jpg,200,True
14365748123_6492ff09e1_o.jpg,200,True
14365748123_6492ff09e1_o.jpg,200,True
14365748123_6492ff09e1_o.jpg,200,True
14365748123_6492ff09e1_o.jpg,200,True
14365748123_6492ff09e1_o.jpg,200,True
14365748123_6492ff09e1_o.jpg,200,True
14365748123_6492ff09e1_o.jpg,200,True
14365748123_6492ff09e1_o.jpg,200,True
14365748123_6492ff09e1_o.jpg,200,True
14365748123_6492ff09e1_o.jpg,200,True
14365748123_6492ff09e1_o.jpg,200,True
14365748123_6492ff09e1_o.jpg,200,True
14365748123_6492ff09e1_o.jpg,200,True
14365748123_6492ff09e1_o.jpg,200,True
14365748123_6492ff09e1_o.jpg,200,True
14365748123_6492ff09e1_o.jpg,200,True
14365748123_6492ff09e1_o.jpg,200,True
14365748123_6492ff09e1_o.jpg,200,True
14365748123_6492ff09e1_o.jpg,200,True
14365748123_6492ff09e1_o.jpg,200,True
14365748123_6492ff09e1_o.jpg,200,True
14365748123_6492ff09e1_o.jpg,200,True
14365748123_6492ff09e1_o.jpg,200,True
14365748123_6492ff09e1_o.jpg,200,True
14365748123_6492ff09e1_o.jpg,200,True
14365748123_6492ff09e1_o.jpg,200,True
14365748123_6492ff09e1_o.jpg,200,True
14365748123_6492ff09e1_o.jpg,200,True
14365748123_6492ff09e1_o.jpg,200,True
14365748123_6492ff09e1_o.jpg,200,True
14365748123_6492ff09e1_o.jpg,200,True
14365748123_6492ff09e1_o.jpg,200,True
14365748123_6492ff09e1_o.jpg,200,True
14365748123_6492ff09e1_o.jpg,200,True
14365748123_6492ff09e1_o.jpg,200,True
14365748123_6492ff09e1_o.jpg,200,True
14365748123_6492ff09e1_o.jpg,200,True
14365748123_6492ff09e1_o.jpg,200,True
14365748123_6492ff09e1_o.jpg,200,True
14365748123_6492ff09e1_o.jpg,200,True
14365748123_6492ff09e1_o.jpg,200,True
14365748123_6492ff09e1_o.jpg,200,True
14365748123_6492ff09e1_o.jpg,200,True
14365748123_6492ff09e1_o.jpg,200,True
14365748123_6492ff09e1_o.jpg,200,True
14365748123_6492ff09e1_o.jpg,200,True
14365748123_6492ff09e1_o.jpg,200,True
14365748123_6492ff09e1_o.jpg,200,True
14365748123_6492ff09e1_o.jpg,200,True
14365748123_6492ff09e1_o.jpg,200,True
14365748123_6492ff09e1_o.jpg,200,True
14365748123_6492ff09e1_o.jpg,200,True
14365748123_6492ff09e1_o.jpg,200,True
378599162_b46a7c3c73_o.jpg,200,True
378599162_b46a7c3c73_o.jpg,200,True
378599162_b46a7c3c73_o.jpg,200,True
378599162_b46a7c3c73_o.jpg,200,True
378599162_b46a7c3c73_o.jpg,200,True
378599162_b46a7c3c73_o.jpg,200,True
378599162_b46a7c3c73_o.jpg,200,True
378599162_b46a7c3c73_o.jpg,200,True
378599162_b46a7c3c73_o.jpg,200,True
378599162_b46a7c3c73_o.jpg,200,True
378599162_b46a7c3c73_o.jpg,200,True
378599162_b46a7c3c73_o.jpg,200,True
378599162_b46a7c3c73_o.jpg,200,True
378599162_b46a7c3c73_o.jpg,200,True
378599162_b46a7c3c73_o.jpg,200,True
378599162_b46a7c3c73_o.jpg,200,True
378599162_b46a7c3c73_o.jpg,200,True
378599162_b46a7c3c73_o.jpg,200,True
378599162_b46a7c3c73_o.jpg,200,True
378599162_b46a7c3c73_o.jpg,200,True
378599162_b46a7c3c73_o.jpg,200,True
378599162_b46a7c3c73_o.jpg,200,True
378599162_b46a7c3c73_o.jpg,200,True
378599162_b46a7c3c73_o.jpg,200,True
378599162_b46a7c3c73_o.jpg,200,True
378599162_b46a7c3c73_o.jpg,200,True
378599162_b46a7c3c73_o.jpg,200,True
378599162_b46a7c3c73_o.jpg,200,True
378599162_b46a7c3c73_o.jpg,200,True
378599162_b46a7c3c73_o.jpg,200,True
378599162_b46a7c3c73_o.jpg,200,True
378599162_b46a7c3c73_o.jpg,200,True
378599162_b46a7c3c73_o.jpg,200,True
378599162_b46a7c3c73_o.jpg,200,True
378599162_b46a7c3c73_o.jpg,200,True
378599162_b46a7c3c73_o.jpg,200,True
378599162_b46a7c3c73_o.jpg,200,True
378599162_b46a7c3c73_o.jpg,200,True
378599162_b46a7c3c73_o.jpg,200,True
378599162_b46a7c3c73_o.jpg,200,True
378599162_b46a7c3c73_o.jpg,200,True
378599162_b46a7c3c73_o.jpg,200,True
378599162_b46a7c3c73_o.jpg,200,True
378599162_b46a7c3c73_o.jpg,200,True
378599162_b46a7c3c73_o.jpg,200,True
378599162_b46a7c3c73_o.jpg,200,True
378599162_b46a7c3c73_o.jpg,200,True
378599162_b46a7c3c73_o.jpg,200,True
13884773_3765a28cfc_o.jpg,200,True
13884773_3765a28cfc_o.jpg,200,True
13884773_3765a28cfc_o.jpg,200,True
13884773_3765a28cfc_o.jpg,200,True
13884773_3765a28cfc_o.jpg,200,True
13884773_3765a28cfc_o.jpg,200,True
13884773_3765a28cfc_o.jpg,200,True
13884773_3765a28cfc_o.jpg,200,True
13884773_3765a28cfc_o.jpg,200,True
13884773_3765a28cfc_o.jpg,200,True
13884773_3765a28cfc_o.jpg,200,True
13884773_3765a28cfc_o.jpg,200,True
13884773_3765a28cfc_o.jpg,200,True
13884773_3765a28cfc_o.jpg,200,True
13884773_3765a28cfc_o.jpg,200,True
13884773_3765a28cfc_o.jpg,200,True
13884773_3765a28cfc_o.jpg,200,True
13884773_3765a28cfc_o.jpg,200,True
13884773_3765a28cfc_o.jpg,200,True
13884773_3765a28cfc_o.jpg,200,True
13884773_3765a28cfc_o.jpg,200,True
13884773_3765a28cfc_o.jpg,200,True
13884773_3765a28cfc_o.jpg,200,True
13884773_3765a28cfc_o.jpg,200,True
13884773_3765a28cfc_o.jpg,200,True
13884773_3765a28cfc_o.jpg,200,True
13884773_3765a28cfc_o.jpg,200,True
13884773_3765a28cfc_o.jpg,200,True
13884773_3765a28cfc_o.jpg,200,True
13884773_3765a28cfc_o.jpg,200,True
13884773_3765a28cfc_o.jpg,200,True
13884773_3765a28cfc_o.jpg,200,True
13884773_3765a28cfc_o.jpg,200,True
13884773_3765a28cfc_o.jpg,200,True
13884773_3765a28cfc_o.jpg,200,True
13884773_3765a28cfc_o.jpg,200,True
13884773_3765a28cfc_o.jpg,200,True
13884773_3765a28cfc_o.jpg,200,True
13884773_3765a28cfc_o.jpg,200,True
13884773_3765a28cfc_o.jpg,200,True
13884773_3765a28cfc_o.jpg,200,True
13884773_3765a28cfc_o.jpg,200,True
13884773_3765a28cfc_o.jpg,200,True
13884773_3765a28cfc_o.jpg,200,True
13884773_3765a28cfc_o.jpg,200,True
13884773_3765a28cfc_o.jpg,200,True
13884773_3765a28cfc_o.jpg,200,True
13884773_3765a28cfc_o.jpg,200,True
13884773_3765a28cfc_o.jpg,200,True
13884773_3765a28cfc_o.jpg,200,True
13884773_3765a28cfc_o.jpg,200,True
13884773_3765a28cfc_o.jpg,200,True
18614715670_3baf75ba93_o.jpg,200,True
18614715670_3baf75ba93_o.jpg,200,True
18614715670_3baf75ba93_o.jpg,200,True
18614715670_3baf75ba93_o.jpg,200,True
18614715670_3baf75ba93_o.jpg,200,True
18614715670_3baf75ba93_o.jpg,200,True
18614715670_3baf75ba93_o.jpg,200,True
18614715670_3baf75ba93_o.jpg,200,True
18614715670_3baf75ba93_o.jpg,200,True
18614715670_3baf75ba93_o.jpg,200,True
18614715670_3baf75ba93_o.jpg,200,True
18614715670_3baf75ba93_o.jpg,200,True
18614715670_3baf75ba93_o.jpg,200,True
18614715670_3baf75ba93_o.jpg,200,True
18614715670_3baf75ba93_o.jpg,200,True
18614715670_3baf75ba93_o.jpg,200,True
18614715670_3baf75ba93_o.jpg,200,True
18614715670_3baf75ba93_o.jpg,200,True
18614715670_3baf75ba93_o.jpg,200,True
18614715670_3baf75ba93_o.jpg,200,True
18614715670_3baf75ba93_o.jpg,200,True
18614715670_3baf75ba93_o.jpg,200,True
18614715670_3baf75ba93_o.jpg,200,True
18614715670_3baf75ba93_o.jpg,200,True
18614715670_3baf75ba93_o.jpg,200,True
18614715670_3baf75ba93_o.jpg,200,True
18614715670_3baf75ba93_o.jpg,200,True
18614715670_3baf75ba93_o.jpg,200,True
18614715670_3baf75ba93_o.jpg,200,True
18614715670_3baf75ba93_o.jpg,200,True
18614715670_3baf75ba93_o.jpg,200,True
18614715670_3baf75ba93_o.jpg,200,True
18614715670_3baf75ba93_o.jpg,200,True
18614715670_3baf75ba93_o.jpg,200,True
18614715670_3baf75ba93_o.jpg,200,True
18614715670_3baf75ba93_o.jpg,200,True
18614715670_3baf75ba93_o.jpg,200,True
18614715670_3baf75ba93_o.jpg,200,True
18614715670_3baf75ba93_o.jpg,200,True
18614715670_3baf75ba93_o.jpg,200,True
18614715670_3baf75ba93_o.jpg,200,True
18614715670_3baf75ba93_o.jpg,200,True
18614715670_3baf75ba93_o.jpg,200,True
18614715670_3baf75ba93_o.jpg,200,True
18614715670_3baf75ba93_o.jpg,200,True
18614715670_3baf75ba93_o.jpg,200,True
18614715670_3baf75ba93_o.jpg,200,True
18614715670_3baf75ba93_o.jpg,200,True
4683746338_80f3591475_o.jpg,200,True
4683746338_80f3591475_o.jpg,200,True
4683746338_80f3591475_o.jpg,200,True
4683746338_80f3591475_o.jpg,200,True
4683746338_80f3591475_o.jpg,200,True
4683746338_80f3591475_o.jpg,200,True
4683746338_80f3591475_o.jpg,200,True
4683746338_80f3591475_o.jpg,200,True
4683746338_80f3591475_o.jpg,200,True
4683746338_80f3591475_o.jpg,200,True
4683746338_80f3591475_o.jpg,200,True
4683746338_80f3591475_o.jpg,200,True
4683746338_80f3591475_o.jpg,200,True
4683746338_80f3591475_o.jpg,200,True
4683746338_80f3591475_o.jpg,200,True
4683746338_80f3591475_o.jpg,200,True
4683746338_80f3591475_o.jpg,200,True
4683746338_80f3591475_o.jpg,200,True
4683746338_80f3591475_o.jpg,200,True
4683746338_80f3591475_o.jpg,200,True
4683746338_80f3591475_o.jpg,200,True
4683746338_80f3591475_o.jpg,200,True
4683746338_80f3591475_o.jpg,200,True
4683746338_80f3591475_o.jpg,200,True
4683746338_80f3591475_o.jpg,200,True
4683746338_80f3591475_o.jpg,200,True
4683746338_80f3591475_o.jpg,200,True
4683746338_80f3591475_o.jpg,200,True
4683746338_80f3591475_o.jpg,200,True
4683746338_80f3591475_o.jpg,200,True
4683746338_80f3591475_o.jpg,200,True
4683746338_80f3591475_o.jpg,200,True
4683746338_80f3591475_o.jpg,200,True
4683746338_80f3591475_o.jpg,200,True
4683746338_80f3591475_o.jpg,200,True
4683746338_80f3591475_o.jpg,200,True
4683746338_80f3591475_o.jpg,200,True
4683746338_80f3591475_o.jpg,200,True
4683746338_80f3591475_o.jpg,200,True
4683746338_80f3591475_o.jpg,200,True
4683746338_80f3591475_o.jpg,200,True
4683746338_80f3591475_o.jpg,200,True
4683746338_80f3591475_o.jpg,200,True
4683746338_80f3591475_o.jpg,200,True
4683746338_80f3591475_o.jpg,200,True
4683746338_80f3591475_o.jpg,200,True
4683746338_80f3591475_o.jpg,200,True
4683746338_80f3591475_o.jpg,200,True
4683746338_80f3591475_o.jpg,200,True
4683746338_80f3591475_o.jpg,200,True
4683746338_80f3591475_o.jpg,200,True
4683746338_80f3591475_o.jpg,200,True
8530502413_c14c61cfe7_o.jpg,200,True
8530502413_c14c61cfe7_o.jpg,200,True
8530502413_c14c61cfe7_o.jpg,200,True
8530502413_c14c61cfe7_o.jpg,200,True
8530502413_c14c61cfe7_o.jpg,200,True
8530502413_c14c61cfe7_o.jpg,200,True
8530502413_c14c61cfe7_o.jpg,200,True
8530502413_c14c61cfe7_o.jpg,200,True
8530502413_c14c61cfe7_o.jpg,200,True
8530502413_c14c61cfe7_o.jpg,200,True
8530502413_c14c61cfe7_o.jpg,200,True
8530502413_c14c61cfe7_o.jpg,200,True
8530502413_c14c61cfe7_o.jpg,200,True
8530502413_c14c61cfe7_o.jpg,200,True
8530502413_c14c61cfe7_o.jpg,200,True
8530502413_c14c61cfe7_o.jpg,200,True
8530502413_c14c61cfe7_o.jpg,200,True
8530502413_c14c61cfe7_o.jpg,200,True
8530502413_c14c61cfe7_o.jpg,200,True
8530502413_c14c61cfe7_o.jpg,200,True
8530502413_c14c61cfe7_o.jpg,200,True
8530502413_c14c61cfe7_o.jpg,200,True
8530502413_c14c61cfe7_o.jpg,200,True
8530502413_c14c61cfe7_o.jpg,200,True
8530502413_c14c61cfe7_o.jpg,200,True
8530502413_c14c61cfe7_o.jpg,200,True
8530502413_c14c61cfe7_o.jpg,200,True
8530502413_c14c61cfe7_o.jpg,200,True
8530502413_c14c61cfe7_o.jpg,200,True
8530502413_c14c61cfe7_o.jpg,200,True
8530502413_c14c61cfe7_o.jpg,200,True
8530502413_c14c61cfe7_o.jpg,200,True
8530502413_c14c61cfe7_o.jpg,200,True
8530502413_c14c61cfe7_o.jpg,200,True
8530502413_c14c61cfe7_o.jpg,200,True
8530502413_c14c61cfe7_o.jpg,200,True
8530502413_c14c61cfe7_o.jpg,200,True
8530502413_c14c61cfe7_o.jpg,200,True
8530502413_c14c61cfe7_o.jpg,200,True
8530502413_c14c61cfe7_o.jpg,200,True
8530502413_c14c61cfe7_o.jpg,200,True
8530502413_c14c61cfe7_o.jpg,200,True
8530502413_c14c61cfe7_o.jpg,200,True
8530502413_c14c61cfe7_o.jpg,200,True
8530502413_c14c61cfe7_o.jpg,200,True
8530502413_c14c61cfe7_o.jpg,200,True
8530502413_c14c61cfe7_o.jpg,200,True
8530502413_c14c61cfe7_o.jpg,200,True
8530502413_c14c61cfe7_o.jpg,200,True
8530502413_c14c61cfe7_o.jpg,200,True
8530502413_c14c61cfe7_o.jpg,200,True
8530502413_c14c61cfe7_o.jpg,200,True
8530502413_c14c61cfe7_o.jpg,200,True
8530502413_c14c61cfe7_o.jpg,200,True
8530502413_c14c61cfe7_o.jpg,200,True
8530502413_c14c61cfe7_o.jpg,200,True
138135194_3c6a10f170_o.jpg,200,True
138135194_3c6a10f170_o.jpg,200,True
138135194_3c6a10f170_o.jpg,200,True
138135194_3c6a10f170_o.jpg,200,True
138135194_3c6a10f170_o.jpg,200,True
138135194_3c6a10f170_o.jpg,200,True
138135194_3c6a10f170_o.jpg,200,True
138135194_3c6a10f170_o.jpg,200,True
138135194_3c6a10f170_o.jpg,200,True
138135194_3c6a10f170_o.jpg,200,True
138135194_3c6a10f170_o.jpg,200,True
138135194_3c6a10f170_o.jpg,200,True
138135194_3c6a10f170_o.jpg,200,True
138135194_3c6a10f170_o.jpg,200,True
138135194_3c6a10f170_o.jpg,200,True
138135194_3c6a10f170_o.jpg,200,True
138135194_3c6a10f170_o.jpg,200,True
138135194_3c6a10f170_o.jpg,200,True
138135194_3c6a10f170_o.jpg,200,True
138135194_3c6a10f170_o.jpg,200,True
138135194_3c6a10f170_o.jpg,200,True
138135194_3c6a10f170_o.jpg,200,True
138135194_3c6a10f170_o.jpg,200,True
138135194_3c6a10f170_o.jpg,200,True
138135194_3c6a10f170_o.jpg,200,True
138135194_3c6a10f170_o.jpg,200,True
138135194_3c6a10f170_o.jpg,200,True
138135194_3c6a10f170_o.jpg,200,True
138135194_3c6a10f170_o.jpg,200,True
138135194_3c6a10f170_o.jpg,200,True
138135194_3c6a10f170_o.jpg,200,True
138135194_3c6a10f170_o.jpg,200,True
138135194_3c6a10f170_o.jpg,200,True
138135194_3c6a10f170_o.jpg,200,True
138135194_3c6a10f170_o.jpg,200,True
138135194_3c6a10f170_o.jpg,200,True
138135194_3c6a10f170_o.jpg,200,True
138135194_3c6a10f170_o.jpg,200,True
138135194_3c6a10f170_o.jpg,200,True
138135194_3c6a10f170_o.jpg,200,True
138135194_3c6a10f170_o.jpg,200,True
138135194_3c6a10f170_o.jpg,200,True
138135194_3c6a10f170_o.jpg,200,True
138135194_3c6a10f170_o.jpg,200,True
138135194_3c6a10f170_o.jpg,200,True
138135194_3c6a10f170_o.jpg,200,True
138135194_3c6a10f170_o.jpg,200,True
138135194_3c6a10f170_o.jpg,200,True
138135194_3c6a10f170_o.jpg,200,True
138135194_3c6a10f170_o.jpg,200,True
138135194_3c6a10f170_o.jpg,200,True
138135194_3c6a10f170_o.jpg,200,True
2157861852_eea3ca1774_o.jpg,200,True
2157861852_eea3ca1774_o.jpg,200,True
2157861852_eea3ca1774_o.jpg,200,True
2157861852_eea3ca1774_o.jpg,200,True
2157861852_eea3ca1774_o.jpg,200,True
2157861852_eea3ca1774_o.jpg,200,True
2157861852_eea3ca1774_o.jpg,200,True
2157861852_eea3ca1774_o.jpg,200,True
2157861852_eea3ca1774_o.jpg,200,True
2157861852_eea3ca1774_o.jpg,200,True
2157861852_eea3ca1774_o.jpg,200,True
2157861852_eea3ca1774_o.jpg,200,True
2157861852_eea3ca1774_o.jpg,200,True
2157861852_eea3ca1774_o.jpg,200,True
2157861852_eea3ca1774_o.jpg,200,True
2157861852_eea3ca1774_o.jpg,200,True
2157861852_eea3ca1774_o.jpg,200,True
2157861852_eea3ca1774_o.jpg,200,True
2157861852_eea3ca1774_o.jpg,200,True
2157861852_eea3ca1774_o.jpg,200,True
2157861852_eea3ca1774_o.jpg,200,True
2157861852_eea3ca1774_o.jpg,200,True
2157861852_eea3ca1774_o.jpg,200,True
2157861852_eea3ca1774_o.jpg,200,True
2157861852_eea3ca1774_o.jpg,200,True
2157861852_eea3ca1774_o.jpg,200,True
2157861852_eea3ca1774_o.jpg,200,True
2157861852_eea3ca1774_o.jpg,200,True
2157861852_eea3ca1774_o.jpg,200,True
2157861852_eea3ca1774_o.jpg,200,True
2157861852_eea3ca1774_o.jpg,200,True
2157861852_eea3ca1774_o.jpg,200,True
2157861852_eea3ca1774_o.jpg,200,True
2157861852_eea3ca1774_o.jpg,200,True
2157861852_eea3ca1774_o.jpg,200,True
2157861852_eea3ca1774_o.jpg,200,True
2157861852_eea3ca1774_o.jpg,200,True
2157861852_eea3ca1774_o.jpg,200,True
2157861852_eea3ca1774_o.jpg,200,True
2157861852_eea3ca1774_o.jpg,200,True
2157861852_eea3ca1774_o.jpg,200,True
2157861852_eea3ca1774_o.jpg,200,True
2157861852_eea3ca1774_o.jpg,200,True
2157861852_eea3ca1774_o.jpg,200,True
2157861852_eea3ca1774_o.jpg,200,True
2157861852_eea3ca1774_o.jpg,200,True
2157861852_eea3ca1774_o.jpg,200,True
2157861852_eea3ca1774_o.jpg,200,True
2157861852_eea3ca1774_o.jpg,200,True
6807894984_b1be49d307_o.jpg,200,True
6807894984_b1be49d307_o.jpg,200,True
6807894984_b1be49d307_o.jpg,200,True
6807894984_b1be49d307_o.jpg,200,True
6807894984_b1be49d307_o.jpg,200,True
6807894984_b1be49d307_o.jpg,200,True
6807894984_b1be49d307_o.jpg,200,True
6807894984_b1be49d307_o.jpg,200,True
6807894984_b1be49d307_o.jpg,200,True
6807894984_b1be49d307_o.jpg,200,True
6807894984_b1be49d307_o.jpg,200,True
6807894984_b1be49d307_o.jpg,200,True
6807894984_b1be49d307_o.jpg,200,True
6807894984_b1be49d307_o.jpg,200,True
6807894984_b1be49d307_o.jpg,200,True
6807894984_b1be49d307_o.jpg,200,True
6807894984_b1be49d307_o.jpg,200,True
6807894984_b1be49d307_o.jpg,200,True
6807894984_b1be49d307_o.jpg,200,True
6807894984_b1be49d307_o.jpg,200,True
6807894984_b1be49d307_o.jpg,200,True
6807894984_b1be49d307_o.jpg,200,True
6807894984_b1be49d307_o.jpg,200,True
6807894984_b1be49d307_o.jpg,200,True
6807894984_b1be49d307_o.jpg,200,True
6807894984_b1be49d307_o.jpg,200,True
6807894984_b1be49d307_o.jpg,200,True
6807894984_b1be49d307_o.jpg,200,True
6807894984_b1be49d307_o.jpg,200,True
6807894984_b1be49d307_o.jpg,200,True
6807894984_b1be49d307_o.jpg,200,True
6807894984_b1be49d307_o.jpg,200,True
6807894984_b1be49d307_o.jpg,200,True
6807894984_b1be49d307_o.jpg,200,True
6807894984_b1be49d307_o.jpg,200,True
6807894984_b1be49d307_o.jpg,200,True
6807894984_b1be49d307_o.jpg,200,True
6807894984_b1be49d307_o.jpg,200,True
6807894984_b1be49d307_o.jpg,200,True
6807894984_b1be49d307_o.jpg,200,True
6807894984_b1be49d307_o.jpg,200,True
6807894984_b1be49d307_o.jpg,200,True
6807894984_b1be49d307_o.jpg,200,True
6807894984_b1be49d307_o.jpg,200,True
6807894984_b1be49d307_o.jpg,200,True
6807894984_b1be49d307_o.jpg,200,True
6807894984_b1be49d307_o.jpg,200,True
6807894984_b1be49d307_o.jpg,200,True
6807894984_b1be49d307_o.jpg,200,True
6807894984_b1be49d307_o.jpg,200,True
6807894984_b1be49d307_o.jpg,200,True
6807894984_b1be49d307_o.jpg,200,True
4349362400_e9362a430a_o.jpg,200,True
4349362400_e9362a430a_o.jpg,200,True
4349362400_e9362a430a_o.jpg,200,True
4349362400_e9362a430a_o.jpg,200,True
4349362400_e9362a430a_o.jpg,200,True
4349362400_e9362a430a_o.jpg,200,True
4349362400_e9362a430a_o.jpg,200,True
4349362400_e9362a430a_o.jpg,200,True
4349362400_e9362a430a_o.jpg,200,True
4349362400_e9362a430a_o.jpg,200,True
4349362400_e9362a430a_o.jpg,200,True
4349362400_e9362a430a_o.jpg,200,True
4349362400_e9362a430a_o.jpg,200,True
4349362400_e9362a430a_o.jpg,200,True
4349362400_e9362a430a_o.jpg,200,True
4349362400_e9362a430a_o.jpg,200,True
4349362400_e9362a430a_o.jpg,200,True
4349362400_e9362a430a_o.jpg,200,True
4349362400_e9362a430a_o.jpg,200,True
4349362400_e9362a430a_o.jpg,200,True
4349362400_e9362a430a_o.jpg,200,True
4349362400_e9362a430a_o.jpg,200,True
4349362400_e9362a430a_o.jpg,200,True
4349362400_e9362a430a_o.jpg,200,True
4349362400_e9362a430a_o.jpg,200,True
4349362400_e9362a430a_o.jpg,200,True
4349362400_e9362a430a_o.jpg,200,True
4349362400_e9362a430a_o.jpg,200,True
4349362400_e9362a430a_o.jpg,200,True
4349362400_e9362a430a_o.jpg,200,True
4349362400_e9362a430a_o.jpg,200,True
4349362400_e9362a430a_o.jpg,200,True
4349362400_e9362a430a_o.jpg,200,True
4349362400_e9362a430a_o.jpg,200,True
4349362400_e9362a430a_o.jpg,200,True
4349362400_e9362a430a_o.jpg,200,True
4349362400_e9362a430a_o.jpg,200,True
4349362400_e9362a430a_o.jpg,200,True
4349362400_e9362a430a_o.jpg,200,True
4349362400_e9362a430a_o.jpg,200,True
4349362400_e9362a430a_o.jpg,200,True
4349362400_e9362a430a_o.jpg,200,True
4349362400_e9362a430a_o.jpg,200,True
4349362400_e9362a430a_o.jpg,200,True
4349362400_e9362a430a_o.jpg,200,True
4349362400_e9362a430a_o.jpg,200,True
4349362400_e9362a430a_o.jpg,200,True
4349362400_e9362a430a_o.jpg,200,True
4349362400_e9362a430a_o.jpg,200,True
4349362400_e9362a430a_o.jpg,200,True
4349362400_e9362a430a_o.jpg,200,True
4349362400_e9362a430a_o.jpg,200,True
3204032573_370ac14a58_o.jpg,200,True
3204032573_370ac14a58_o.jpg,200,True
3204032573_370ac14a58_o.jpg,200,True
3204032573_370ac14a58_o.jpg,200,True
3204032573_370ac14a58_o.jpg,200,True
3204032573_370ac14a58_o.jpg,200,True
3204032573_370ac14a58_o.jpg,200,True
3204032573_370ac14a58_o.jpg,200,True
3204032573_370ac14a58_o.jpg,200,True
3204032573_370ac14a58_o.jpg,200,True
3204032573_370ac14a58_o.jpg,200,True
3204032573_370ac14a58_o.jpg,200,True
3204032573_370ac14a58_o.jpg,200,True
3204032573_370ac14a58_o.jpg,200,True
3204032573_370ac14a58_o.jpg,200,True
3204032573_370ac14a58_o.jpg,200,True
3204032573_370ac14a58_o.jpg,200,True
3204032573_370ac14a58_o.jpg,200,True
3204032573_370ac14a58_o.jpg,200,True
3204032573_370ac14a58_o.jpg,200,True
3204032573_370ac14a58_o.jpg,200,True
3204032573_370ac14a58_o.jpg,200,True
3204032573_370ac14a58_o.jpg,200,True
3204032573_370ac14a58_o.jpg,200,True
3204032573_370ac14a58_o.jpg,200,True
3204032573_370ac14a58_o.jpg,200,True
3204032573_370ac14a58_o.jpg,200,True
3204032573_370ac14a58_o.jpg,200,True
3204032573_370ac14a58_o.jpg,200,True
3204032573_370ac14a58_o.jpg,200,True
3204032573_370ac14a58_o.jpg,200,True
3204032573_370ac14a58_o.jpg,200,True
3204032573_370ac14a58_o.jpg,200,True
3204032573_370ac14a58_o.jpg,200,True
3204032573_370ac14a58_o.jpg,200,True
3204032573_370ac14a58_o.jpg,200,True
3204032573_370ac14a58_o.jpg,200,True
3204032573_370ac14a58_o.jpg,200,True
3204032573_370ac14a58_o.jpg,200,True
3204032573_370ac14a58_o.jpg,200,True
3204032573_370ac14a58_o.jpg,200,True
3204032573_370ac14a58_o.jpg,200,True
3204032573_370ac14a58_o.jpg,200,True
3204032573_370ac14a58_o.jpg,200,True
3204032573_370ac14a58_o.jpg,200,True
3204032573_370ac14a58_o.jpg,200,True
3204032573_370ac14a58_o.jpg,200,True
3204032573_370ac14a58_o.jpg,200,True
3204032573_370ac14a58_o.jpg,200,True
3204032573_370ac14a58_o.jpg,200,True
3204032573_370ac14a58_o.jpg,200,True
3204032573_370ac14a58_o.jpg,200,True
